201	Ceviche of White Fish (Cebiche de Pescado)
202	Challah
203	Champ
204	Chapati
205	Char Siu
206	Char Sui (Asian Barbecued Pork)
207	Char-Broiled Sirloin Steak with Cabernet Butter Sauce
208	Char-Grilled Strip Steak
209	Charoset
210	Charoset Maghrebi
211	Cheddar (Vegan)
212	Cheddar and Broccoli Bread Roll
213	Cheescake cups
214	Cheese and Bacon Rolls
215	Cheese and Crackers
216	Cheese Balls (Pão de Queijo)
217	Cheese Cookies
218	Cheese Enchilada
219	Cheese Filling for Peynirli Börek
220	Cheese Omelette
221	Cheese Sauce
222	Cheese Spread on French Bread
223	Cheese Stuffed Chicken Breasts
224	Cheese Stuffed Crust Pizza
225	Cheesecake
226	Cheesy Chicken Pasta
227	Cheesy Mascarpone Cornbread Stuffing
228	Cherries Jubilee
229	Cherry Brownies
230	Cherry Cobbler in a Crock Pot
231	Cherry Delight
232	Cherry-Berry Jumble Fruit Pie
233	Chess Pie
234	Chew Bread
235	Chewy Ginger Cookies
236	Chicago Sirloin with Cabernet Balsamic Reduction
237	Chicken & Pasta Alfredo
238	Chicken & Ricotta Paninis
239	Chicken a la Creme et Paprique
240	Chicken and Andouille Sausage Gumbo
241	Chicken and Black-eyed Pea Stew
242	Chicken and Corn Empanadas
243	Chicken and Spaghetti
244	Chicken Biryani
245	Chicken Bog
246	Chicken Broccoli
247	Chicken Broccoli Alfredo
248	Chicken Brown Rice Soup
249	Chicken Cabbage Salad
250	Chicken Cacciatore
251	Chicken Curry
252	Chicken Curry (Kare Ayam)
253	Chicken Curry Mediterranean
254	Chicken Fajitas
255	Chicken Fried Rice
256	Chicken Karahi
257	Chicken Livers
258	Chicken Madras
259	Chicken Marinade
260	Chicken Mull
261	Chicken Paprikash
262	Chicken Parisian
263	Chicken Parmesan
264	Chicken Pot Pie (Pastei)
265	Chicken Pot Pie I
266	Chicken Pot Pie II
267	Chicken Rice Salad
268	Chicken Riggies
269	Chicken Salad
270	Chicken Soup with Rice and Potatoes
271	Chicken Tagine with Lemon and Olives
272	Chicken Tikka
273	Chicken Tikka Masala
274	Chicken Vindaloo
275	Chicken Wings Asian Style
276	Chicken with Orange, Spinach and Cherry Tomatoes
277	Chicken-fried Steak
278	Chickpea Curry (Masaledaar chole)
279	Chickpea Flour Dessert (Mysore Pak)
280	Chickpea Stew
281	Chilaquiles
282	Chile Colorado
283	Chile Lime Marinade
284	Chiles en nogada
285	Chili (Vegan)
286	Chili con Bambi
287	Chili Cornbread Casserole
288	Chili Oil
289	Chili-Honey Glazed Lechon Kawali
290	Chinese Chews
291	Chip Butty
292	Chipotle BBQ Chicken Nuggets
293	Chipotle BBQ Ribs
294	Chipotle BBQ Rub
295	Chipotle BBQ Sauce
296	Chipotle Chili
297	Chipotle Dip
298	Chipotle Fish n' Chips
299	Chipotle Fried Chicken
300	Chipotle Ketchup
301	Chipotle Lime Grilled Chicken
302	Chipotle Lime Hot Wings
303	Chipotle Lime Tortilla Chips
304	Chipotle Maple Glazed Pork Tenderloin
305	Chipotle Sliders
306	Chipped Beef on Toast
307	Chips Cheese and Gravy
308	Chivito
309	Choco-Crunch Cookies
310	Choco-Nutty Pie
311	Chocolate and Banana Bread
312	Chocolate and Custard Layered Dessert (Nanaimo Bar)
313	Chocolate Balls
314	Chocolate Bananas Foster
315	Chocolate Bourbon Pecan Pie
316	Chocolate Cheese Cake
317	Chocolate Chip Coffee Cake
318	Chocolate Chip Cookies
319	Chocolate Chip Cookies (Gluten-Free)
320	Chocolate Chip Cookies (Vegan)
321	Chocolate Chip Cookies II
322	Chocolate Chip Pancakes
323	Chocolate Chip Pumpkin Cookies
324	Chocolate Chip Rolls
325	Chocolate Chocolate Chip Muffins
326	Chocolate Crinkles
327	Chocolate Fort Cake
328	Chocolate Fudge
329	Chocolate Icing
330	Chocolate Macaroons
331	Chocolate Milk
332	Chocolate Mousse
333	Chocolate Mousse Cake (Vegan)
334	Chocolate Noodles with Vanilla sauce
335	Chocolate Pear Bake
336	Chocolate Sauce
337	Chocolate Squares
338	Chocolate Truffle
339	Chocolate Zucchini Cake
340	Chocolate-Jalapeno Truffles
341	Chokladboll
342	Cholley
343	Chop Rub
344	Choucroute
345	Chow Mein
346	Chraime
347	Christmas ham
348	Christmas Pudding
349	Chunky Cran Apple Bran Muffins
350	Chunky Guacamole
351	Chupaqueso
352	Churri
353	Churros
354	Chuu Chee Fish
355	Ciceri e Tria
356	Cider Vinegar
357	Cilbir
358	Cincinnati-Style Chili
359	Cinnamon Croutons
360	Cinnamon Glazed Apples
361	Clam dip
362	Clams Steamed in Aluminum Foil
363	Classic American Apple Pie
364	Classic Pot Roast
365	Nutty Brownie Bars
366	Nutty Buddy Chocolate Cookie Bars
367	'Out of Salad Dressing' Salad Dressing
368	Oat Bran Cereal
369	Oat Milk
370	Oatcake
371	Oaties
372	Oatmeal Banana Waffle
373	Oatmeal Chocolate Chip Cookies
374	Oatmeal Cookies
375	Oatmeal Muffins
376	Oatmeal Raisin Cookies
377	Oil-Dumpling
378	Okonomiyaki
379	Olive Ascolane
380	Olive Oil Bread
381	Beer and Rye Bread Porridge (Øllebrød)
382	Omelette of breadcrumbs
383	One-Hour Thanksgiving Dinner
384	Onigiri
385	Onion Blooms
386	Onion Dip
387	Onion Rings
388	Onion Soup
389	Orange Bread
390	Orange Brulée
391	Orange Cardamom Pancakes
392	Orange Chocolate Chip Muffins
393	Orange French Toast
394	Orange Hot Chocolate
395	Orange Julius
396	Orange Lemon-Lime Soda Float
397	Orange Sherbet Smoothie
398	Orange Soda
399	Orange-Glazed Sweet Potatoes
400	Oreo Pie
401	Original Pineapple Upside-Down Cake
402	Original Texas-Style Chili
403	Ossobuco Alla Milanese
404	Oven Pancakes
405	Oven Pancakes (Vegan)
406	Oven Ribs
407	Oven-Fried Chicken Breasts
408	Oven-Roasted Potatoes
409	Oxtail and Vegetables in Peanut Sauce (Kare-Kare)
410	Ozark Pudding
411	Pabellón Criollo
412	Pad Kra Pao Gai
413	Pad Thai
414	Pad Thai Sauce
415	Paella de Marisco
416	Paella Roja
417	Paella Valenciana
418	Pain au Levain Naturel
419	Palatschinken
420	Pan Fried White Brined Cheese (Saganaki)
421	Pan Seared Chicken Breast
422	Pan Seared Duck Breast with Cabernet Reduction
423	Pan Seared Filet Mignon
424	Pan Seared Pork Chops
425	Pan Seared Scallops with Cayenne Chocolate Sauce
426	Pancake
427	Pancake Mix
428	Pancakes (Vegan)
429	Pancakes of Ancient Rome (Ova Sfongia Ex Lacte)
430	Pancetta Fusilli with Herb Shallot Cream
431	Paneer
432	Paneer Butter Masala
433	Papadum
434	Paprika Chicken
435	Parmesan Cheese Soufflé
436	Parmesan Encrusted Tilapia
437	Party Mix
438	Pashofa
439	Passover Carrot Almond Cake
440	Passover Hazelnut Chocolate Loaf
441	Passover Orange Walnut Cake
442	Pasta and Bean Soup
443	Pasta and Bean Soup (Pasta e Fagioli)
444	Pasta Casserole (Pastitsio)
445	Pasta in Gorgonzola Cheese Sauce (Pasta Alla Gorgonzola)
446	Pasta Marinata
447	Pasta Romanov
448	Pasta Soup for Kids
449	Pasta with Pancetta and Cauliflower
450	Pasta, Meat and Cheese Casserole (Mostaccioli)
451	Paste for Tarts
452	Pastie
453	Pasties
454	Pastries Filled with Coconut (Modak)
455	Pastries Filled with Jam (Marmeladetascherl)
456	Pastry Dough
457	Shepherds Pie (Pâté Chinois)
458	Pavlova
459	Peach and Tomato Gazpacho
460	Peach Cobbler
461	Peach Curry Chutney
462	Peach Pie
463	Peach, Strawberry and Ice Cream Smoothie
464	Peanut Brittle
465	Peanut Butter Cookies
466	Peanut Butter Pie
467	Peanut Butter Sandwich
468	Peanut Butter Toast
469	Peanut Chicken Stir-Fry
470	Peanut Curry Sauce
471	Peanut Milk
472	Peanut Sauce (Saus Kacang)
473	Peanut Sauce (Vegan)
474	Peanut-Butter Banana Smoothie
475	Pear chutney
476	Pear Pie
477	Pear-Cranbery Crisp
478	Peas Supreme
479	Pease Pudding
480	Pecan Pie
481	Pecan Spinach Pasta
482	Pecan Sweet Potatoes
483	Pedernales River Chili
484	Penne alla Casa
485	Penne with Hearty Meat Sauce
486	Pennsylvania Pot Pie
487	Pepes Ikan
488	Pepper Crusted Flank Steak
489	Pepper-Crusted Chicken
490	Peppercorn Strip Steaks with Cognac Cream Sauce
491	Pepperoni Pasta Salad
492	Percolator Punch
493	Persian Apple Dessert
494	Pesto
495	Pesto 2
496	Pete's Pasta
497	Pezzetti di Cavallo
498	Philly Cheesesteak
499	Philosopher
500	Phở Bò
501	Phở Gà
502	Phulourie
503	Phyllo Dough
504	Picadillo
505	Picante Peach Cobbler
506	Pickert
507	Pickled Eggs
508	Pickled Herring
509	Pickled Plums of Japan (Umeboshi)
510	Pico de Gallo
511	Pie Floater
512	Pierogi
513	Pierogi/Cheese Filling
514	Pierogi/Sauerkraut Filling
515	Pig's Trotters and Ginger Vinegar Stew
516	Pigeon Pea and Fenugreek Curry (Methi Tadka Dal)
517	Pikelet
518	Pimento Cheese Spread
519	Pineapple Fried Rice
520	Pineapple Side Dish
521	Pineapple Tarts
522	Pineapple Upside-Down Cake in a Skillet
523	Pinto Beans of Central Texas
524	Pinto Beans of South Texas
525	Pita
526	Pizza Dough
527	Pizza Hot Dogs
528	Pizza Omelet
529	Pizza Rollups
530	Pizza Salad
531	Pizza Sauce
532	Pizza Soup
533	Pizza Vanegas
534	Piñon (Spanish Stovetop Pot Pie)
535	Placenta Stew
536	Placenta with Broccoli
537	Plank-Grilled Salmon
538	Plantain Chips with Cayenne (Kelewele)
539	Ploughman's Sandwich
540	Po' Boy
541	Poached Salmon with wild Huckleberries
542	Pohe
543	Polenta
544	Policy/Recipe template
545	Polish Cauliflower with Breadcrumbs
546	Pollo Del Fungo
547	Pollo Quesadilla
548	Polvorones
549	Ponche de Créme
550	Eastern North Carolina Barbecue
551	Eastern North Carolina Barbecue Sauce
552	Easy Batter Bread
553	Easy Chicken Soup
554	Easy Chili
555	Easy Maklubi
556	Easy Nachos
557	Easy No-knead Raisin Bread
558	Easy Onion Chicken
559	Easy Orange Smoothie
560	Easy Pasta Sauce
561	Easy Peach Cobbler
562	Easy Wedding Soup
563	Eclairs
564	Eel alla Milanese
565	Eel Chowder
566	Egg Butter
567	Egg Casserole
568	Egg Noodles
569	Egg Pie
570	Egg Rice
571	Egg Roll
572	Egg Wash
573	Egg, Cheese and Phyllo Casserole (Banitsa)
574	Eggnog
575	Eggplant and Chickpea Skillet
576	Eggplant and Tahini (Moutabbal)
577	Eggplant Parmesan (Melanzane Parmigiana)
578	Eggplant Pasta
579	Eggs Connaught
580	Egyptian Lentil Stew
581	Elli's Veal or Chicken with Walnuts
582	Empanada
583	Enchilada
584	English Banana Caramel Dessert
585	English Breakfast
586	English Field Bean Pate
587	English Muffins
588	English Pea Salad
589	Ensalada de Pallares (Lima beans)
590	Ensalada Rusa
591	Erttesuppe
592	Erwtensoep
593	Espagnole Sauce
594	Estofado de Pollo
595	Euneo-juk
596	Eurasian Smore
597	Eve's Apple
598	Exotic Peach Chutney
599	Eärgon Salsa
600	Faina
601	Fairy Cakes
602	Falafel
603	Falafel Seitan Bratwurst
604	Fall Chanterelle Mushroom Frittata
605	Fast Food French Fries
606	Fattoush
607	Feijão Tropeiro
608	Fërgesë of Tirana with Peppers
609	Fërgesë of Tirana with Veal
610	Feuerzangenbowle
611	Fiddlehead-Portobello Linguine
612	Field Dreams
613	Field of Dreams Guacamole
614	Figgie 'obbin
615	Figgy Pudding
616	Figolli
617	Firecracker Burgers
618	Firecracker Grilled Shrimp
619	Firecracker Marinade
620	Firecracker Ribs
621	Firecracker Rub
622	Fish and Chips
623	Fish Pie
624	Fish Sauce (Vegan)
625	Fish Sticks
626	Fish Stock (Fumet de poisson)
627	Fish Topped with Salsa of Tipitapa (Pescado a la Tipitapa)
628	Fisherman's casserole
629	Five Spice Powder
630	Flaky Pie Crust
631	Flammekueche
632	Flan de Queso
633	Flapjacks
634	Flapjacks (Traditional Scottish Recipe)
635	Fleischkrapfen
636	Fleischnacka
637	Florida Style Crab Cakes
638	Flour Tortilla
639	Flourless Chocolate Cake
640	Focaccia
641	Focaccia Bread
642	Focaccia Genovese Dough
643	Focaccia with Onion Marmalade, Blue Cheese, and Walnuts
644	Fondue neuchateloise
645	Fool's Gold Loaf
646	Four in One Pizza
647	Frappé Coffee
648	Free Beer
649	French Bread
650	French Dressing
651	French Fries
652	French Martini
653	French Omelette
654	French Toast
655	Fresh Broadbeans Salad
656	Fresh Egg Pasta (Pasta Fresca All'uovo)
657	Fresh Mozzarella Bruschetta
658	Fresh Noodles of Alsace (Nouilles fraîches à l'Alsacienne)
659	Fresh Pasta with Mozzarella, Tomato and Basil
660	Friar's Omelette
661	Fricassée de poulet à l’Alsacienne
662	Fried Apple Pies
663	Fried Cheese Balls with Sausage
664	Fried Chicken
665	Fried Chicken and Fried Potatoes
666	Fried Corn
667	Fried Eggs
668	Fried Fish
669	Fried Green Tomatoes
670	Fried Meatballs
671	Fried Okra
672	Fried Pasta
673	Fried Pickle
674	Fried Rice
675	Fried Tiger Lily Pastries
676	Fried Wheat Bread Balls (Bhatoora)
677	Frijoles Antioqueños
678	Frikadeller
679	Frito Pie
680	Frito Pie Chili
681	Frittata
682	Frittaten Soup
683	Frog's Eye Salad
684	Frog's Legs à la Parisienne
685	Froga
686	Fruit Cake
687	Fruit Crumble
688	Fruit for the Day Smoothie
689	Fruit Salad with Orange Juice
690	Fruit Whip
691	Fruity Cheese Dogs
692	Fruity White Sangria
693	Fry Bread
694	Fry Seasoning for Chicken
695	Fudge Brownies
696	Fudge Frosting
697	Fuk-Thong Pad Khai
698	Gado-gado
699	Gajjar Halwa
700	Galaktoboureko
701	Galician Garbanzo Soup
702	Gambas al Ajillo
703	Garbanzo Bean Stew
704	Garden Bulgur
705	Garlic and Lemon Dressing
706	Garlic and Tarragon Dressing
707	Garlic Asparagus
708	Garlic Bread
709	Garlic Butter Sauce
710	Garlic Croutons
711	Garlic Dressings
712	Garlic Lemon Chicken
713	Garlic Lemon Marinade
714	Garlic Mayonnaise made with Bread and Fish Stock (Rouille)
715	Garlic Parmesan Pasta
716	Garlic Pork Chops with Black Mushrooms
717	Garlic Seared Halibut
718	Garlic Shrimp with Lemon Butter Sauce
719	Garlic, Tomato and Cheddar Sandwich
720	Gazpacho
721	German Meatballs
722	German Potato Salad
723	German Style Sweet Mustard (Senf)
724	Ghormeh Sabzi
725	Giblet Soup
726	Gin Fried Rice
727	Indian Ice Cream
728	Indian Pone
729	Indian Potatoes
730	Indian Pudding
731	Indian Rice
732	Indonesian-style Fried Rice
733	Indulgent Chocolate Torte
734	Injera
735	Instant Chocolate Mousse
736	Iraqi Charoset
737	Irish fruit cake
738	Irish Soda Bread
739	Irish Stew
740	Island Ceviche
741	Island Salsa Salad
742	Israeli Salad
743	Italian Braised Shortribs
744	Italian Chicken Rolls
745	Italian Crispy Chicken
746	Italian Dressing
747	Italian Garlic & Herb Marinade
748	Italian Ice
749	Italian Marinated Chicken
750	Italian Meatballs
751	Italian Poached Salmon
752	Italian Rice Pilaf
753	Italian Rice Pudding
754	Italian Rice with Wild Mushrooms
755	Italian Seasoning
756	Italian Tomato Sauce
757	Jailhouse Chili
758	Jalapeno Eggs
759	Jalapeno Glazed Seared Salmon
760	Jalapeno Sausage and Bacon Appetizers (Atomic Buffalo Turds)
761	Jalebi
762	Jam Roly-Poly
763	Jamaican Chicken Fingers with Honey-Mustard Sauce
764	Jamaican Jerk Chicken
765	Jamaican Patty
766	Jamaican Rundown
767	Jambalaya
768	Jambalaya II
769	Jerk Grilled Salmon
770	Jerk Lobster
771	Jersey Breakfast Dog
772	Jhilinga
773	Jing Do Pork
774	JZ's Chicken Barbecue Sauce
775	Kabab Barg
776	Kaiserschmarrn
777	Kal Kals
778	Kansas City Barbecue Sauce
779	Karedok
780	Karelian Pasties (Karjalanpiirakat)
781	Kashkaval Pane
782	Kashmiri Pulao
783	Kasnocken
784	Katchi Biryani
785	Kawlata
786	Kedgeree
787	Kele Ka Halwa
788	Keralan Prawns
789	Keralan vegetable stew
790	Kesari
791	Ketchup
792	Ketoprak
793	Key Lime Pie
794	Khandvi
795	Khanom Tian
796	Khao Pad Gai
797	Khara Pongal
798	Khatti Dal
799	Kheer
800	Khichdi
801	Khichuri
802	Kibbeh
803	Kimchi
804	Kipspek
805	Kiwi and Asian Pear in Lemon Sauce
806	Klepon
807	Knoedel
808	Knoephla
809	Koeksisters
810	Komle
811	Korean Shortribs
812	Kovaim
813	Kraut
814	Kroppkakor
815	Krummelpap
816	Kuddi
817	Kugelis
818	Kulfi
819	Kung Pao Chicken
820	Kurma
821	Kyopulo
822	Kyselo
823	Lady Arundel's Manchet
824	Lady Finger Cookies (Savoiardi)
825	Lamb and Okra Stew (Khoresht Bamiye)
826	Lamb Shawarma
827	Lamington
828	Lancashire corned beef hash
829	Lancashire Hotpot
830	Lancashire Parkin
831	Lapis Legit
832	Lasagne II
833	Lasagne with bean sauce
834	Latino Scramble
835	Latkes
836	Latte di Suocera
837	Layered Cake with Rye Bread
838	Layered Pecan Pie
839	Le Tourin
840	Leaf Masala
841	Lefse
842	Lemon Blueberry Pancakes
843	Lemon Chicken Pasta
844	Lemon Cream Sauce
845	Lemon Curd
846	Lemon Custard Pastry Cups (Pastel de Nada)
847	Lemon Icing
848	Lemon Impossible Pie
849	Lemon Mayonnaise
850	Lemon Meringue Pie
851	Lemon Pickle
852	Lemon Pickle 2
853	Lemon Poppy Seed Muffins (Glazed)
854	Lemon Poppy Seed Pancakes
855	Lemon Rice
856	Lemon Rosemary Pork Tenderloin
857	Lemon Sharbat
858	Lemon Sponge
859	Lemon Squares
860	Lemonade
861	Lentil and Sausage Stew
862	Lentil Rice Loaf
863	Lentil soup
864	Lentil, Potato, and Tomato Curry
865	Lentils and Rice (Mjeddrah)
866	Leong's Cashew Chicken
867	Lettuce Soup
868	Light Fluffy Pancakes
869	Lime and Mascarpone Cheesecake
870	Linguine Primavera Mediterranean
871	Liver and onions
872	Liver Kebabs
873	Lo Mein
874	Lobster Bisque
875	Loco Moco
876	Locrio
877	Lolly cake
878	Lomo Saltado
879	London Broil
880	Louis Dressing
881	Loukoumas
882	Loukoumas II
883	Lovie's Yam Recipe
884	Low Country Shrimp and Grits
885	Low-Fat Chocolate Sauce
886	Luciabullar
887	Lynn's Veggie Salad
888	Ma'amoul
889	Macaroni & Cheese (Baked)
890	Macaroni & Nutritional Yeast
891	Macaroni and Cheese
892	Macaroni Pie
893	Macaroni Salad
894	Machacado con huevo
895	Macho Nachos
896	Madbucha
897	Madeira Honey Cake
898	Magic Brownie
899	Maitorieska
900	Makki di Roti
901	Malai Mixed Vegetable
902	Malvani Chicken Curry
903	Man Burgers
904	Tapioca Pudding
905	Tarator
906	Tarbes Salad
907	Tarhana
908	Taro Fish
909	Tartar Sauce
910	Tartiflette
911	Tater Tot Casserole
912	Tattie scone
913	Tea Eggs
914	Tekka
915	Tembleque
916	Tempe Mendoan
917	Tempeh
918	Tempoyak
919	Tempura
920	Tempura Baked Halibut with Cilantro Aioli
921	Tequeños
922	Tequilla Lime Hot Wings
923	Tequilla Lime Strip Steak
924	Teriyaki Grilled Salmon Steaks
925	Teriyaki Salmon
926	Teurgoule
927	Texas Brisket Sandwiches
928	Texas Easy Chili
929	Texas Style Chicken Fried Steak
930	Thai Green Curry
931	Thai Grilled Chicken
932	Thai Lemonade
933	Thai Shrimp
934	Thalassery Biryani
935	The Dip
936	Thick-Crust Pizza
937	Thin Fish Fillets
938	Thong Yib
939	Thousand Island Dressing
940	Three Bean Confetti Salad
941	Three Ginger Soup
942	Three Sisters Stew
943	Three-Meat Stew
944	Thumbprint Jam Cookies
945	Tibetan Steamed Dumplings (Momo)
946	Tiramisu Mousse
947	Toad in the Hole
948	Toast
949	Toasted Baguette Slices with Pecan Butter, Brie and Apples
950	Toasted Cheese Sandwich
951	Toasted Ravioli
952	Tod Mun
953	Tofu and Couscous
954	Tofu Bacon (Vegan)
955	Tofu Chocolate Mousse
956	Tofu Pancake
957	Tofu Scramble
958	Tom Kha Kai
959	Tom Yum Gai
960	Tomato and Onion Salad
961	Tomato Basil Soup with Garlic Toasts
962	Tomato Concassé
963	Tomato Curry
964	Tomato Juice
965	Tomato Ketchup
966	Tomato Pasta
967	Tomato Paste
968	Tomato Paste and Ham Sandwiches (Pan Tomaca)
969	Tomato Pizza
970	Tomato Salad
971	Tomato Sauce Piquante
972	Tomatoes Baladho
973	Tomatoes with Cheese Stuffing
974	Tonkatsu
975	Tonkotsu Ramen
976	Torta de Acelga
977	Tortilla
978	Tortilla Canaria
979	Tortilla de Patatas
980	Tortilla Española
981	Tostón
982	Toum
983	Traditional Lasagne
984	Traditional Pie Crust
985	Traditional Pilau Rice
986	Traditional Tuna Casserole
987	Tres Leches Cake
988	Tri-Colored Autumn Rice Balls
989	Trifle
990	Tripe soup (Shkembe Chorba)
991	Tripes à la mode de Caen
992	Tropical Sausage combo
993	Tropical Squares
994	Tuna & Herb Salad
995	Tuna Casserole
996	Tuna Curry
997	Tuna Fish Cakes
998	Tuna Glop
999	Tuna Melt Fishcakes
1000	Tuna Noodle Casserole
1001	Tuna Rice Casserole
1002	Tuna Salad
1003	Tuna Salad - 1940
1004	Tunnel of Love
1005	Turkey and Bacon Salad
1006	Turkey and Lima Beans
1007	Turkey Biscuit
1008	Turkey Soup
1009	Turkey with Plantain Stuffing (Pavo Relleno de Mofongo)
1010	Turkey Wrap
1011	Turkish Delight
1012	Turtle Soup
1013	Tuscan Bean Soup
1014	Tuscan Mushroom Risotto
1015	Tuscan Roast Potatoes
1016	Tuscan Soup (Meatless)
1017	Tvorog
1018	Twice-Baked Potatoes
1019	Twice-Baked Potatoes II
1020	Tyropita
1021	Tzatziki
1022	Ugali
1023	Ukrainian Borscht
1024	Ukrainian Cabbage Soup (Kapusniak)
1025	Ukrainian Cornmeal Stuffing (Nachynka)
1026	Ultimate Kahlua Brownies
1027	Ume-shu
1028	Undhiyu
1029	Upeseru
1030	Upma-Uppitu
1031	Valencian-Inspired Paella
1032	Vancouver Cheesecake
1033	Vanilla Caramel
1034	Vanilla Crisps
1035	Vanilla Fudge
1036	Vanilla Fudge II
1037	Vanilla Ice Cream
1038	Vanillekipferl
1039	Veal Gravy Soup
1040	Veal with Lima Beans
1041	Vedhmi
1042	Vegan Mayonnaise
1043	Vegan Paprika Bratwurst
1044	Vegemite Sandwich
1045	Vegetable Salad
1046	Vegetable Soup
1047	Vegetable Spring Roll
1048	Vegetable Stew and Dumplings
1049	Vegetable Stuffed Mushrooms
1050	Vegetarian Bean Soup
1051	Vegetarian Fried Rice
1052	Vegetarian Gravy
1053	Vegetarian Meatballs
1054	Vegetarian Soft Tacos
1055	Velouté Sauce
1056	Venison Italian Style
1057	Venison Pie
1058	Very Simple Cookies
1059	Vichyssoise
1060	Victoria Sandwich
1061	Vietnamese Fish Dipping Sauce (Nước mắm pha)
1062	Vinaigrette
1063	Virgin Vegan Eggnog
1064	Vitello Tonnato
1065	Vorschmack
1066	Waffles II
1067	Wakeup Sausage Casserole
1068	Waldorf Salad
1069	Wassel
1070	Watalappam
1071	Welsh Cakes
1072	Welsh Fruit Bread (Bara Brith)
1073	Welsh Fruit Bread (Bara Brith) II
1074	Welsh Rarebit
1075	Whiskey Barbecue Sauce
1076	Roasted Redskin Potatoes
1077	Roasted Rice Cakes of Japan (Mochi)
1078	Roasted Vegetable Pasta
1079	Rocks
1080	Rocky Road Confectionery
1081	Rocky Road Ice Cream
1082	Danish Braised Cabbage (Rødkål)
1083	Rojak
1084	Rolitos
1085	Rolls
1086	Roman Sauce
1087	Roman soup
1088	Ropa Vieja
1089	Rosemary Balsamic Chicken Wings
1090	Rosemary Bread
1091	Rosemary Garlic Baked Potatoes
1092	Rosemary Garlic Fish
1093	Rosemary Garlic Oil
1094	Rosemary Garlic Pork Roast
1095	Rosemary Garlic Strip Steak
1096	Rosemary Grilled Salmon Steaks
1097	Rosie's Breakfast Roll
1098	Rosogulla
1099	Rosti
1100	Rosto
1101	Rosół
1102	Roux
1103	Royal Icing
1104	Rugelach
1105	Rum Balls
1106	Rum Truffles
1107	Rumaki
1108	Russian Tea
1109	Rye Bread
1110	S'more
1111	Sachertorte
1112	Sachertorte (Duramecho Version)
1113	Saffron Rice
1114	Saffron Sweet Rice
1115	Salad of Cyprus
1116	Salad Shirazi
1117	Salade Frisee
1118	Salmon Cakes
1119	Salmon Seasoning
1120	Salmon spaghetti
1121	Salsa
1122	Salsa (Fermented)
1123	Salsa Fresca
1124	Salt Cod and Potato Casserole (Bacalhau à Gomes de Sá)
1125	Salt Cod and Potato Casserole (Bacalhau à Zé do Pipo)
1126	Salted Fish Fried Rice
1127	Salted Mustard Greens and Shredded Meat Noodle Soup
1128	Salzburger Nockerl
1129	Sambal Tempoyak
1130	Sambar
1131	Sambar Variation
1132	Samosa
1133	Samp and Beans
1134	San Francisco style Scallop Ceviche
1135	Sancocho
1136	Sandwich Layer-Cake
1137	Sarza Criolla
1138	Sauce Mornay
1139	Saucepan Fudge Crackle Cookies
1140	Sauerkraut
1141	Sausage and Tortellini Soup
1142	Sausage-Egg Breakfast Dish
1143	Sausagemeat Pie
1144	Sauteed Mushrooms
1145	Savory Mustard Sauce
1146	Sayur Asem
1147	Scheiterhaufen
1148	Schunn
1149	Schwarzwälder Kirschtorte
1150	Scottish Wheat Bannock Bread
1151	Scrambled Eggs
1152	Seafood Bruschetta
1153	Seafood Cocktail Sauce
1154	Seafood Fried Rice
1155	Seafood Gumbo
1156	Seafood Kebabs with Zhoug Sauce
1157	Seafood Marinade
1158	Seafood Pizza
1159	Seafood Seasoning
1160	Seared Chicken Breast with Brandy Cream Sauce
1161	Seared Duck Breast with Pinot Noir Reduction
1162	Seasoned Pepper
1163	Seasoned Salt
1164	Seitan
1165	Seitan Bratwurst
1166	Seitan Burger
1167	Self-rising Flour
1168	Semolina Burger
1169	Serbian Flatbread (Lepinja)
1170	Sesame Ginger Marinade
1171	Sesame Milk
1172	Sesame Noodle Salad
1173	Sesame Shrimp Toast
1174	Sev Puri
1175	Seven Minute Icing
1176	Shakshouka
1177	Shakshuka
1178	Sharbat bil Loz
1179	Shark Fin Soup
1180	Shashlik
1181	Sheer Khurma
1182	Shephard's Pie 2
1183	Shepherd's Pie
1184	Shikanjvi
1185	Shirmal
1186	Shiro Wat
1187	Shirred Egg
1188	Shopska Salata
1189	Shortbread
1190	Shortcrust Pastry
1191	Shrimp and Cheese Grits
1192	Shrimp Curry
1193	Shrimp Fritters (Accra)
1194	Shrimp Hooman
1195	Silvash Gombotz
1196	Simmering Tofu Stir-fry
1197	Simple Ayurvedic Sprout Salad
1198	Simple Buttercream
1199	Simple Chocolate Cheese Pie
1200	Simple Italian Sausage Spaghetti Dinner
1201	Simple Nachos
1202	Simple Roasted Oysters
1203	Simple Syrup
1204	Sinigang
1205	Sirene po Shopski
1206	Sirniki
1207	Six Layer Casserole
1208	Sizzling Sisig
1209	Skillet Cornbread
1210	Skillet Lasagna
1211	Slinger
1212	Sloppy Joes
1213	Slow Cooker Baby Back Ribs
1214	Slow Cooker Pork Chops
1215	Slow-Roasted Strip Steak
1216	Smoked Garlic Chicken
1217	Smoked Pork Roast
1218	Smoked Salmon Breakfast Burrito
1219	Smoked Salmon Chowder
1220	Smoked Salmon Dip
1221	Smokehouse Burgers
1222	Smokehouse Turkey Panini
1223	Smoking Shrimp Creole
1224	Smoky Chipotle Glazed Hot Wings
1225	Smoky Chipotle Hot Sauce
1226	Smoky Chipotle Marinade
1227	Smoky Tuna Melts
1228	Smothered Okra
1229	Snails with Garlic Butter (Escargots à la Bourguignonne)
1230	Snappy Ginger Muffins
1231	Snezhanka
1232	Socca
1233	Sockerdricka
1234	Soda Bread
1235	Soda sữa hột gà
1236	Sofrito
1237	Soji
1238	Sopaipilla
1239	Soppa ta' l-Armla
1240	Soto Ayam
1241	Soup alla Canavese
1242	Soup alla Lombarda
1243	Soup alla Maria Pia
1244	Soup alla Nazionale
1245	Soup Joumou
1246	Soup with Supplì
1247	Sour Cream Chili Sauce
1248	Sour Cream Dip
1249	Sour Mashed Sweet Potato
1250	Sour Mix
1251	Southern Barbecue Ribs
1252	Southern Clam Chowder
1253	Southern Cornbread
1254	Southern Fried Chicken Sliders
1255	Southern Style Greens
1256	Southwest Pasta
1257	Southwestern Black Beans and Rice
1258	Ginger Beer
1259	Ginger Pancakes
1260	Ginger Peach Glazed BBQ Ribs
1261	Ginger Peach Glazed Ham
1262	Ginger Snap
1263	Ginger-Glazed Grilled Peaches
1264	Gingerbread
1265	Gingerbread Cookies Frosted with Royal Icing
1266	Gingerbread Pancakes
1267	Ginny's Toll House Cookies
1268	Glace de viande
1269	Glazed Sweet Potatoes
1270	Glottucks
1271	Goat Cheese Cakes
1272	Gochujang
1273	Golden Corn Bread
1274	Gorgonzola Stuffed Chateaubriand
1275	Goulash
1276	Goulash Soup
1277	Gözleme
1278	Grammy's Potato Salad
1279	Grand Union Bacon
1280	Grandma's Pie Crust
1281	Grandmother Grout's Cake
1282	Grannie Gilbert's Sugar Cookies
1283	Granola Bars
1284	Gravlax
1285	Greek Chicken Wrap
1286	Greek Moussaka
1287	Greek Omelet
1288	Greek Salad
1289	Greek Yogurt Sauce
1290	Greek-Style Grilled Chicken
1291	Green Bean Casserole
1292	Green Bean Casserole II
1293	Green Beans with Tomato and Onion (Boranija)
1294	Green Chicken Curry with Coconut Milk
1295	Green Curry Paste
1296	Green Eggs and Ham
1297	Green Leaf Detoxifier
1298	Green Mango and Cumin Drink (Aam Panna)
1299	Green Mangos and Spices in Oil (Aavakaaya)
1300	Grilled Aubergine
1301	Grilled Bananas with Coffee Syrup
1302	Grilled Chicken & Arugula Salad
1303	Grilled Cornish Hens
1304	Grilled Dog
1305	Grilled Eggplant with Garlic Butter
1306	Grilled Filet Mignon
1307	Grilled Filet Mignon with a Cognac Reduction
1308	Grilled Fruit Pouches
1309	Grilled Lamb Chops
1310	Grilled Meatballs (Mititei)
1311	Grilled Mesquite Meatloaf
1312	Grilled Peaches with Vanilla Maple Sauce
1313	Grilled Peanut Butter Sandwiches
1314	Grilled Pork Chops
1315	Grilled Pork Loin
1316	Grilled Pork Tenderloin
1317	Grilled Prime Rib
1318	Grilled Radicchio with Bacon Dressing
1319	Grilled Salmon with Lemon Butter Sauce
1320	Grilled Salmon with Mango Salsa
1321	Grilled Sirloin Steak
1322	Grilled Sliders
1323	Grilled Steak
1324	Grilled Summer Fruit
1325	Grilled Vegetable Sandwich
1326	Grotten Hans
1327	Ground Tofu
1328	Guacamole
1329	Guacamole Dip
1330	Gudeg
1331	Gyoza
1332	Gyudon
1333	Gyuveche
1334	Gyuvetch
1335	Habas con Jamon
1336	Hachee
1337	Hake in Herby Breadcrumbs
1338	Halibut Cheek Stir-Fry
1339	Hallaca
1340	Hallva
1341	Ham and Cheese Crepes
1342	Ham Sauce
1343	Hamburger
1344	Hamburger Deluxe
1345	Hamburger Fried Rice
1346	Hamburger Skillet Dinner
1347	Hamburgers Encrusted with Black Pepper
1348	Hard Boiled Eggs
1349	Hard Tack
1350	Hard Tack of India (Baati)
1351	Harrisa
1352	Hash Browns
1353	Hashbrown Casserole
1354	Hasude
1355	Hawthorn Tea
1356	Hazelnut Chocolate Glazed Strawberries
1357	Hazelnut Cream Soda
1358	Hazelnut Tort
1359	Hearty Beef Vegetable Soup
1360	Henry Thiele's Pancake
1361	Herb Bubble Bread
1362	Herb Grilled Snapper
1363	Herb Grilled Strip Steaks
1364	Herbal Iced Tea
1365	Herbed Corn
1366	Herbed Tomato Soup
1367	Hermits
1368	Herring soup
1369	Hickory BBQ Chicken
1370	Hickory BBQ Chicken Wings
1371	Hickory BBQ Pork Loin
1372	Hickory BBQ Rub
1373	Hickory Maple Glazed Wings
1374	Hickory Smoked Chicken Breasts
1375	Hickory Smoked Pork Chops
1376	Hobo Burgers
1377	Holiday Cake
1378	Holiday Pork Loin
1379	Holiday Stuffing
1380	Holland Tea Cakes
1381	Hollandaise
1382	Hollandaise Sauce
1383	Holzknechtnocken
1384	Homemade Pie Crust
1385	Homestyle Fried Potatoes
1386	Hominy Bread
1387	Hominy Grits
1388	Hominy recipe
1389	Honey Apple Glazed Pork
1390	Honey Apple Marinade
1391	Honey BBQ Hot Wings
1392	Honey Bourbon Marinade
1393	Honey Garlic Chicken
1394	Honey Gingerbread
1395	Honey Lime Chicken Wings
1396	Honey Lime Pork Loin
1397	Honey Mustard Salad Dressing
1398	Honey Mustard Salmon
1399	Honey Taffy
1400	Honey Teriyaki Spareribs
1401	Honey-Peppered Salmon
1402	Hongshao Rou
1403	Hoppin John
1404	Horchata
1405	Hornickels' Glazed Onion Canapes
1406	Hot and Sour Soup
1407	Hot and Spicy Dip
1408	Hot Chocolate
1409	Hot Cocoa
1410	Hot Cross Bun
1411	Hot Fudge
1412	Hot Milk Cake
1413	Hot Peach Drink
1414	Hot Pepper Sauce
1415	Hot Sauce
1416	Hot Water Crust Pastry
1417	Hot Wing Dip
1418	Hot Wings
1419	Huevos Rancheros
1420	Hummus (Greek)
1421	Hummus (Leaven free)
1422	Hummus I
1423	Hummus with Sprouted Chickpea
1424	Hush Puppies
1425	Hutspot
1426	Hyderabad Biryani
1427	Hyderabadi Fried Bread with Syrup and Nuts (Double ka meetha)
1428	Hyderabadi Haleem
1429	Ice Cream
1430	Iced Tea
1431	Idiyappam
1432	Idli
1433	Indian Baked Yoghurt with Saffron and Cardamom
1434	Indian Beans
1435	Indian Chai
1436	Indian Curry Marinade
1437	Southwestern Dip
1438	Southwestern Scramble
1439	Soy Milk
1440	Soy Protein Bread
1441	Soy Sauce Chicken
1442	Space Cake
1443	Spaetzle
1444	Spaghetti
1445	Spaghetti a la Monegasque
1446	Spaghetti Aglio e Olio
1447	Spaghetti alla Carbonara
1448	Spaghetti alla Puttanesca
1449	Spaghetti alle Vongole
1450	Spaghetti and Meatballs
1451	Spaghetti Bake
1452	Spaghetti Sauce
1453	Spaghetti with Bolognese Meat Sauce
1454	Spaghetti with Clams in White Wine Sauce
1455	Spaghetti with Meat Sauce (Naporitan)
1456	Spanakopita
1457	Spanish Omelet
1458	Spanish Potato Omelette
1459	Spanish Rice
1460	Spelt Bread
1461	Spelt Burger
1462	Spelt Yellow Cake
1463	Spice Rub
1464	Spice Rub for Chicken
1465	Spice Rubbed Grilled Chicken Breast
1466	Spiced Flour
1467	Spiced Pumpkin Soup
1468	Spicy Apple Glazed Ribs
1469	Spicy Black Beans
1470	Spicy Carrot Aioli
1471	Spicy Chick Pea
1472	Spicy Chicken Casserole
1473	Spicy Chicken Cutlets
1474	Spicy Chicken Stew
1475	Spicy Chickpea Soup
1476	Spicy Chilli Chicken
1477	Spicy Chocolate Sauce
1478	Spicy Corn Bread
1479	Spicy Crab & Arugula Salad
1480	Spicy Crab Cakes
1481	Spicy Feta Burger
1482	Spicy Fried Okra
1483	Spicy Fried Wings
1484	Spicy Garlic Oil
1485	Spicy Grilled Duck Breasts
1486	Spicy Hot Salsa
1487	Spicy Mexican Omelet
1488	Spicy Plantain Chips
1489	Spicy Roast Brisket
1490	Spicy Tomato Soup
1491	Spinach and Ricotta Gnocchi
1492	Spinach and Ricotta Lasagna
1493	Spinach Artichoke Dip
1494	Spinach Calzones
1495	Spinach Pesto Linguine
1496	Spinach Pie (Pascualina)
1497	Spinach Salad
1498	Split Peas
1499	Sponge Cake
1500	Spoonbread
1501	Spring Onion Spelt Spread
1502	Springerle
1503	Spritzgeback
1504	Sprout Salad
1505	Stargazy Pie
1506	Steak & Pepper Stir-Fry
1507	Steak and Ale Pie
1508	Steak and Mushrooms
1509	Steak and Peppers
1510	Steak au poivre
1511	Steak Enchiladas
1512	Steak Melts
1513	Steak Rub
1514	Steak Sandwiches
1515	Steak Tartare
1516	Steak, Bacon, and Arugula Salad
1517	Steak, Bacon, and Gruyere Paninis
1518	Steakhouse Dinner
1519	Steakhouse Marinade
1520	Steamed Artichoke
1521	Steamed Buns with BBQ Pork
1522	Steamed Pork With Mustard Greens
1523	Steamed Rice
1524	Steamed Sweet Rice
1525	Stewed Dry Figs Dessert
1526	Stewed Oysters
1527	Sticky Date Pudding
1528	Sting'in Nettle Pesto
1529	Stir Fried Seafood with Noodles
1530	Stir fry veggies and Poached egg
1531	Stollen
1532	Stoofvlees
1533	Stovetop Mac n' Cheese
1534	Stovies
1535	Stracciatella II
1536	Straciatella
1537	Strawberry Cream Cake
1538	Strawberry Dumplings
1539	Strawberry Frozen Yogurt
1540	Strawberry Rhubarb Pie
1541	Strawberry Shortcut Cake
1542	Strip Steaks with Pepper Cream Reduction
1543	Strong Candied Sweet Potatoes
1544	Stroopwafels
1545	Strudel
1546	Stuffed Bell Peppers
1547	Stuffed Burgers
1548	Stuffed Crabs (Casquinha de Siri)
1549	Stuffed French Toast
1550	Stuffed Grilled Chicken Breasts
1551	Stuffed Kabocha Squash
1552	Stuffed Mushrooms with Crabmeat
1553	Stuffed Pork Roast
1554	Stuffed Portabella Mushrooms
1555	Stuffed Squash
1556	Stuffed Tomatoes
1557	Stuffed Zucchini
1558	Stuffing
1559	Succotash
1560	Summer Pudding
1561	Summer Roll
1562	Sunglow Motel-Cafe Pickle Pie
1563	Sunshine Cake
1564	Super Moist Corn Bread
1565	Sushi/Gimbap
1566	Sushi/Gunkanmaki
1567	Sushi/Inarizushi
1568	Sushi/Nigirizushi
1569	Sushi/Stewed Vegan Maki
1570	Sushi/Sushi Rice
1571	Svele Kake
1572	Swedish Cabbage soup
1573	Swedish Meatballs
1574	Swedish Meatballs II
1575	Sweet & Sour Fish Casserole
1576	Sweet & Sour Grilled Tuna
1577	Sweet & Sour Pork Loin
1578	Sweet & Spicy Asian Chicken
1579	Sweet & Spicy Shrimp
1580	Sweet & Spicy Smoked Chicken
1581	Sweet and Sour
1582	Sweet Beef
1583	Sweet Charoset
1584	Sweet Cornbread
1585	Sweet Italian Sausage Skillet
1586	Sweet Maple Barbecue Chicken
1587	Sweet Masa Bites
1588	Sweet Mole and Vanilla Bean Ice Cream
1589	Sweet Omelette
1590	Sweet Peach Cobbler
1591	Sweet Pongal
1592	Sweet Potato Crisp
1593	Sweet Potato Tortellini
1594	Sweet Potato Tropicana
1595	Sweet Rice
1596	Sweet Rice Fritters
1597	Sweet Rice II
1598	Swiss Pudding
1599	Switchel
1600	Szegedin Goulash
1601	Tabbouleh
1602	Table Point Boiled Beef and Vegetables (Tafelspitz)
1603	Tabouli
1604	Tabula
1605	Taco
1606	Taco Casserole
1607	Taco Meat
1608	Taco Salad
1609	Taco Sauce
1610	Tacos de Bistec
1611	Tadka Dhal
1612	Tadkal
1613	Tahdiq
1614	Tahini Cookies
1615	Tahini Goddess Dressing
1616	Tahini Yogurt Sauce
1617	Tamate Ka Kut
1618	Tamil Spice Mix (Milagai Podi)
1619	Tandoori Masala
1620	Tandoori Tofu
1621	Tangerine Jelly
1622	Tangy Fried Shrimp
1623	Tangy Lemon Battered Fried Chicken
1624	Tangy Lemon Mousse
1625	Tapai
1626	Tapenade
1627	Popcorn
1628	Poppyseed chicken
1629	Pork Aachi
1630	Pork and Lima Skillet
1631	Pork Braised with Garlic and Onions of Indonesia (Babi Kecap)
1632	Pork Burritos with Green Pepper Sauce
1633	Pork Chops Ciaccatore
1634	Pork Marinade
1635	Pork Pot Pie
1636	Pork Roast Leftovers in Sweet and Sour Sauce (Lechon Paksiw)
1637	Pork Roast with Cayenne Apple Glaze
1638	Pork Spare Rib Soup (Bah Kut Teh)
1639	Pork Stomach Filled with Meat and Vegetables (Saumagen)
1640	Pork Tenderloin with Asparagus and Prosciutto
1641	Porridge
1642	Portabello Eggs
1643	Portable Eggs Benedict
1644	Portuguese Feijoada
1645	Potato and Cabbage Soup
1646	Potato and Cauliflower Curry (Aloo Gobi)
1647	Potato and Chicken Stew (Ajiaco)
1648	Potato and Sausage Casserole (Papa Turmada)
1649	Potato Bread
1650	Potato Casserole (Rakott Krumpli)
1651	Potato Castle
1652	Potato Curry (Aloo Masala)
1653	Potato Gratin
1654	Potato Kugel
1655	Potato Meat Loaf
1656	Potato Omelet
1657	Potato Pancakes
1658	Potato Salad
1659	Potato Salad (American)
1660	Potato Samosas (Aloo Pies)
1661	Potato Skins
1662	Potato Soup
1663	Potato Spelt Oat Burger
1664	Potato Stew
1665	Potato-Chickpea Curry
1666	Potatoes Anna
1667	Potatoes on the Half-Shell
1668	Potsticker
1669	Pouch-Roasted Snapper
1670	Poultry Shake
1671	Pound Cake
1672	Poutine
1673	Pralin
1674	Prawn Curry
1675	Prekmurska Gibanica
1676	Preparing Yeast
1677	Preserved Lemon
1678	Pretzel
1679	Prime Rib Dinner
1680	Prime Rib Seasoning
1681	Princess Cake
1682	Proja
1683	Pudding with Pistachios and Rose Water (Muhallebi)
1684	Pudina Hilsa
1685	Puff Pastry with Nuts and Whipped Cream (Om Ali)
1686	Pufftaloons
1687	Pulao
1688	Pulihora
1689	Pulikkachal
1690	Puliyodarai Quick
1691	Pulled Pork Sandwiches
1692	Pulse Chutney
1693	Pulut Durian
1694	Pumpkin Bread II
1695	Pumpkin Bread III
1696	Pumpkin Muffins
1697	Pumpkin Pie
1698	Pumpkin Scones
1699	Pumpkin Soup
1700	Pumpkin Soup with curry
1701	Pumpkin Substitute
1702	Puri
1703	Purple Plum Pie
1704	Purée Mongole
1705	Puttanesca Sauce (Vegan)
1706	Puttu
1707	Qabuli
1708	Queens Soup
1709	Quesadilla
1710	Quiche
1711	Quick and Delicious Pineapple Upside-Down Cake
1712	Quick Baked Beef-Pasta Dish
1713	Quick Garlic Croutons
1714	Quick Marshmallow Rice Squares
1715	Quick Oat Bread
1716	Quinoa, Shiitake Mushrooms and Adzuki Beans
1717	Rabbit Stew (Stuffat tal-Fenek)
1718	Rabbit with Abbey Beer (Konijn met Paterbier)
1719	Racuszki
1720	Radish Pie
1721	Radish Tart
1722	Ragi Dosa
1723	Rainbow Jell-O
1724	Raisin Crumb Pie
1725	Raisin Oatmeal Muffins
1726	Raita
1727	Ranch Dressing
1728	Rasam
1729	Raspberry Filled Pastry Strips (Alexandertorte)
1730	Raspberry Vinegar
1731	Ratatouille 2
1732	Rava Dosa
1733	Ravioli
1734	Ravioli/Cheese Filling
1735	Ravioli/Crab Meat Filling
1736	Ravioli/Fresh Herb and Cheese Filling
1737	Ravioli/Meat Filling
1738	Ravioli/Potato and Garlic Filling
1739	Ravioli/Smoked Salmon Filling
1740	Ravioli/Spinach and Ricotta Filling
1741	Recaíto
1742	Red and White Onion Tapenade
1743	Red Bean Paste (Anko)
1744	Red Bell Peppers Stuffed with Cheese and Egg (Chushki Byurek)
1745	Red Chile Sauce
1746	Red Cross Fudge
1747	Red Curry Paste
1748	Red Devils
1749	Red Pepper and Goat Cheese sauce
1750	Refried Beans
1751	Reindling
1752	Rendang
1753	Reuben Sandwich
1754	Rhubarb Cake
1755	Rhubarb Fool
1756	Rhubarb Juice
1757	Rhubarb Marmalade
1758	Rhubarb Pie
1759	Rhubarb Pudding
1760	Rib Rub
1761	Rice an' Peas
1762	Rice and Beef Soup
1763	Rice and Lentils (Mejadra)
1764	Rice and Peas (Risi e Bisi)
1765	Rice Balls in Coconut Milk of Thailand (Bua Loi)
1766	Rice Bubble cake
1767	Rice Cooked in Tomato Meat Sauce (Ross il-Forn)
1768	Rice in Fish Broth-Sayyadieh
1769	Rice Milk
1770	Rice Pilaf
1771	Rice Porridge of China (Congee)
1772	Rice Pudding
1773	Rice Wheat Spread
1774	Rice with Coconut (Arroz con coco)
1775	Rice with Lemon Coconut and Eggplant (Vangibhat)
1776	Rice with Milk (Arroz con Leche)
1777	Rice with Tofu and Nuts
1778	Rice-Oat-Semolina Burger
1779	Rich Brownies
1780	Ricotta Lasagne
1781	Rigatoni Pasta with Ricotta in Tomato Cream Sauce
1782	Risotto ai Funghi
1783	Risotto alla Milanese
1784	Risotto II
1785	Rissoles
1786	Roast Beef Round with Au Jus
1787	Roast Butternut, Biltong and Brown Rice Salad
1788	Roast Chicken
1789	Roast Chicken on Salt
1790	Roast Goose
1791	Roast Pork Loin with Cranberry Stuffing
1792	Roast Pork Loin with Gravy
1793	Roasted Eggplant
1794	Roasted Meatballs (Kyufteta)
1795	Roasted Oysters with Madeira
1796	Roasted Pork with Potatoes and Onions (Schweinsbraten)
1797	Roasted Rabbit
1798	Mandoca
1799	Mango and Yellow Split Pea Curry
1800	Mango Atchar
1801	Mango Chicken
1802	Mango Chutney
1803	Mango, Chilli Powder, and Cumin Condiment of India (Chhundo)
1804	Manhattan Clam Chowder
1805	Manx Smoked Salmon
1806	Maple Barbecue Sauce
1807	Maple Beans
1808	Maple Cumin Glazed Grilled Bananas
1809	Maple Glazed Chicken Breasts
1810	Maple Planked Chicken Breasts
1811	Maple Planked Salmon with Rum Glaze
1812	Maple Syrup Planked Salmon
1813	Maple-Glazed BBQ Ribs
1814	Mapo Doufu
1815	Margarita Grilled Chicken
1816	Marinated Cucumbers and Onions
1817	Marinated Green Olives
1818	Marinated Mackerel
1819	Marsala Chicken Scallopini
1820	Marshmallow
1821	Masala Chai
1822	Mascarpone Chocolate Sauce
1823	Mascarpone Glazed Strawberries
1824	Mascarpone Mac 'n Cheese
1825	Mashed Plantains and Pork Rinds (Mofongo)
1826	Mashed Pumpkin
1827	Mashed Sweet Potatoes
1828	Matar Paneer
1829	Matzah Lasagne
1830	Mayonnaise
1831	Mazorca Desgranada
1832	Mazurek Cake
1833	Mead
1834	Meat and Potatoes in Broth (Niku Jaga)
1835	Meatballs with Honey Lime Sauce
1836	Meatless Sloppy Joes
1837	Meatloaf Dinner
1838	Meatloaf I
1839	Meatloaf II
1840	Meatloaf III
1841	Meatloaf IV
1842	Meatloaf of Austria (Faschierter Braten)
1843	Meatloaf V
1844	Mediterranean Beef Stew
1845	Mediterranean Green Chicken
1846	Medu vada
1847	Melanzane alla Parmigiana
1848	Memphis-Style BBQ Ribs
1849	Menemen
1850	Menudo
1851	Meringues I
1852	Meringues III
1853	Meringues with Roasted Raspberries and Hazelnut Creme Anglaise
1854	Mesquite BBQ Burger
1855	Mesquite Beef Tenderloin
1856	Mesquite Chicken Sandwich
1857	Mesquite Chicken Wraps
1858	Mexican Chocolate Cake with Mocha Buttercream
1859	Mexican Habanero Hot Sauce
1860	Mexican Ribs
1861	Mexican Rice
1862	Mexican Rice Pilaf
1863	Mexican Tequilla Marinade
1864	Mexican Tomato Soup
1865	Microwave 1 2 3 cake
1866	Microwave Applesauce
1867	Microwave Chocolate Cake
1868	Microwave Chocolate Cake II
1869	Microwave Chocolate Pudding
1870	Microwave Peanut Brittle
1871	Microwave Porridge
1872	Microwave Quesadilla
1873	Microwave Risotto
1874	Microwave Salmon in a Parchment Envelope
1875	Microwaved Artichoke
1876	Middle Eastern Lamb Kabobs
1877	Middle Eastern Meatballs
1878	Midwestern Chicken Wings
1879	Mike's Bean and Rice Bake
1880	Mike's Buttery Noodles
1881	Mike's Saffron Rice and Beans
1882	Milk Chocolate Pepper Vodka Tart
1883	Milk Toast
1884	Milkshake
1885	Mille-feuille
1886	Millet Flour Dumplings (Mudde)
1887	Mince Pie
1888	Mincemeat
1889	Minestra
1890	Minestrone alla Capucina
1891	Minestrone of Rice and Cabbage
1892	Minestrone of Rice and Turnips
1893	Minestrone of Semolina
1894	Mini Herbs Baguette
1895	Mini Pizza
1896	Mini Pizzas II
1897	Mirepoix Sauce
1898	Mirliton Casserole
1899	Miso Soup
1900	Mixed Pickled Vegetables (Acar Campur)
1901	Mixed vegetables
1902	Mocha Buttercream
1903	Mocha Delight
1904	Mocha Icing
1905	Mock Béarnaise Sauce
1906	Moin Moin
1907	Molasses Cookies
1908	Molasses Taffy
1909	Molasses-Glazed Pork Chops
1910	Monkey Bread
1911	Monkey Butter
1912	Monte Cristo Burgers
1913	Monte Cristo Sandwich
1914	Monterey Jack Chicken Breasts
1915	Montreal Russian Borscht
1916	Montreal Steak Seasoning
1917	Moqueca de Peixe
1918	Morel Recipes
1919	Moroccan Couscous
1920	Moroccan Soup
1921	Moussaka (Bulgarian)
1922	Mozzarella Sticks
1923	Mozzarella Tuna Melts
1924	MPT
1925	Muffuletta
1926	Mulling Spices
1927	Mung Bean and Brown Rice Curry
1928	Murghi Korma
1929	Musakhan II
1930	Mushroom Barley Bean Soup
1931	Mushroom Caps Stuffed with Bacon and Cheese
1932	Mushroom Sauce
1933	Mushroom Soup
1934	Mushroom Soup (Gabi Supa)
1935	Mushroom Tofu Soup or Pasta Sauce
1936	Mushy Peas
1937	Muskrat Soup
1938	Müsli
1939	Mussels in Onion and Butter Sauce (Moules Mariniere)
1940	Mussels with Potatoes
1941	Mustard Dip
1942	Naan
1943	Nachos
1944	Nasi Goreng
1945	Natto
1946	Neapolitan Anchovy Sauce
1947	Neapolitan Sauce
1948	Neapolitan Soup
1949	Nesquik á la Café
1950	Nettle Pesto
1951	Never Fail Pie Crust
1952	New England Clam Chowder
1953	New Mexico Chile Verde
1954	New Mexico Pork Tamales
1955	New Orleans Style Chicken Wing Dipping Sauce
1956	New York Cheesecake
1957	Nibbles
1958	Nick's Cinnamon Chicken
1959	Niçoise salad
1960	No Bake Chocolate Cake
1961	No Name Easy Christmas Fruit Cake
1962	No-Bake Chocolate Chip Cookie Pie
1963	No-Bake Chocolate Pie
1964	No-Bake Cookies
1965	No-Knead Bread
1966	No-Knead Oatmeal Bread
1967	Non-Alcoholic Tiramisu
1968	North Carolina Style BBQ Chicken
1969	North Carolina-Style BBQ Ribs
1970	North Indian Fermented Bread (Batooru)
1971	Not Quite Eggs Benedict
1972	Nuked Nachos
1973	Nut Roast
1974	Nut Roll
1975	Beef Stir-Fry
1976	Beef Stroganoff
1977	Beef Stroganoff in 20 Minutes
1978	Beef Tenderloin Steak
1979	Beef Tongue with Chiles, Corn and Tomato (Lengua de Res)
1980	Beer Batter
1981	Beer Cheese Risotto
1982	Beer Marinated Shrimp
1983	Beer-can Chicken
1984	Beet and Cabbage Stew
1985	Bell Pepper Chili
1986	Bengal Potatoes
1987	Best Burger You Ever Had
1988	Beurre Blanc
1989	Beurre à la bourguignonne
1990	Bhel Puri
1991	Bigos
1992	Binagoongan
1993	Biryani
1994	Biscotti
1995	Biscotti with Almond of Malta (Biskuttini tal-Lewz)
1996	Biscuit
1997	Biscuits
1998	Biscuits and Gravy
1999	Bison Loaf
2000	Bison Meatballs Baked in Hoisin Sauce (Marvin)
2001	Bizcochito
2002	Black Bean Chili
2003	Black Bean Soup
2004	Black Bean Soup and Salsa Verde
2005	Black Bean Stir-Fry
2006	Black Forest Cake
2007	Black Forest Torte
2008	Black Pepper Syrup
2009	Black-Eyed Peas and Kale
2010	Black-Peppered Chicken Spaghetti
2011	Blackberry Mush
2012	Blackened Sirloin
2013	Bliny
2014	Blonde Almond Toffee Brownies
2015	Blondies
2016	Blueberry muffin
2017	Blueberry Pancakes
2018	Bløtkake
2019	Boerewors
2020	Bohrani
2021	Boiled Beef and Vegetables in Broth (Nilagang Baka)
2022	Boiled Collard Green
2023	Boiled Cucumber and Grated Coconut (Pachadi)
2024	Boiled Custard
2025	Boilo
2026	Bolognese Sauce
2027	Bolognese Sauce 'Bambi'
2028	Bonda
2029	Boondi
2030	Booyah
2031	Borscht
2032	Boston Baked Beans
2033	Bouballe
2034	Bouchée à la reine
2035	Bourbon Apples
2036	Boxty
2037	Braised Beef Short Ribs
2038	Braised Shortribs
2039	Bran Muffins
2040	Brandy Butter
2041	Brazilian Feijoada
2042	Bread and Butter
2043	Bread Filled with Potato Curry (Pani Puri)
2044	Bread Pudding
2045	Bread with Tomato Sauce (Pappa al Pomodoro)
2046	Breaded Fried Oysters
2047	Breaded Potato Wedges
2048	Breakfast Burrito
2049	Breakfast Casserole
2050	Breakfast Sludge
2051	Breakfast Waffles
2052	Breakfast Waffles (Gluten-Free)
2053	Brigadeiro
2054	British Christmas Pudding
2055	British Lemon Meringue Pie
2056	Broccoli Kugel
2057	Broccoli Salad
2058	Broccoli Stir Fry
2059	Brown Gravy
2060	Brown Rice Casserole
2061	Brown Rice with Ground Turkey
2062	Brown Rice with Other Starches and Vegetables (Pandora's Feast)
2063	Brown Sugar Brownies
2064	Brown Windsor Soup
2065	Browned Rice
2066	Bruschetta
2067	Bryndzové halušky
2068	Bubble and Squeak
2069	Bubble Tea
2070	Bubur Candil
2071	Buchteln
2072	Buffalo chicken sandwich
2073	Buffalo Wings
2074	Bulgarian fresh sausage (Kebapcheta)
2075	Bulgarian Meatball Soup (Supa Topcheta)
2076	Bulgogi
2077	Bulgur Bread
2078	Bumbleberry Souffle
2079	Burgoo
2080	Burmese Pork Curry
2081	Burple Nurples
2082	Burrito
2083	Burrito Mix
2084	Butter Chicken
2085	Butter Chicken (imitation)
2086	Butter chicken II
2087	Butter Tart
2088	Butter Tea
2089	Butterbeer
2090	Buttermilk Curry Soup (Kadi Pakora)
2091	Buttermilk Fried Chicken with Pan Gravy
2092	Butterscotch Sauce
2093	Béchamel Sauce
2094	Bête noire
2095	Börek
2096	Cabbage Rolls in Tomato Sauce (Holubtsi)
2097	Cabbage Rolls in Yogurt Sauce (Sarmi)
2098	Cachapa
2099	Caesar Salad
2100	Café au lait
2101	Cajun Burger
2102	Cajun Red Beans and Rice
2103	Cake Brownies
2104	Calabash Noodle Soup (Hulu Mian)
2105	Calentita
2106	California Curry Chicken
2107	California Fusion Peach Salsa
2108	Callaloo
2109	Calzone
2110	Campfire Banana Boat
2111	Campfire Barbecue Chicken Wings
2112	Campfire S'mores
2113	Campfire Trout
2114	Candied Almonds (Brända mandlar)
2115	Canh Chua
2116	Cannabutter
2117	Cannoli
2118	Cao lầu
2119	Caponata
2120	Cappelletti Pasta Soup (Cappelletti in Brodo)
2121	Cappucino Mousse
2122	Caramel Coffee Cake
2123	Caramel Sauce
2124	Caramel Sauce (vegan)
2125	Caramel Slices
2126	Caramel Squares
2127	Caramelized Berry Sauce
2128	Caramelized Sweet and Sour Onion Marmalade
2129	Carbonara Pasta Sauce
2130	Carbonara, American Version
2131	Cardamom Bread
2132	Carpaccio
2133	Carpaccio II
2134	Carpetbag Steak
2135	Carquinyoli
2136	Carrot and Raisin Salad
2137	Carrot Brownies White Egg
2138	Carrot Cake
2139	Carrot Jam
2140	Carrot Paprika Spread
2141	Carrot Salad
2142	Carrots Cooked Kinpira Style
2143	Cochinita Pibil
2144	Cocoa Balls
2145	Cocoa Mix
2146	Coconut Chicken
2147	Coconut Chutney
2148	Coconut Chutney (North Indian)
2149	Coconut Cream and Pound Cake with Moscatel (Bienmesabe)
2150	Coconut Cream Filled Cake with Meringue (Bienmesabe)
2151	Coconut Crusted Baked Cod
2152	Coconut Pyramids
2153	Coconut Rice
2154	Coconut Rice (Nasi Lemak)
2155	Coconut Rum-Battered Shrimp
2156	Cod, Olive Oil, and Cream Sauce (Brandade de Morue)
2157	Coddle
2158	Coffee Cake
2159	Coffee concentrate
2160	Coffee Rum Glazed Apples
2161	Cognac Beef Stew
2162	Cola BBQ Chicken
2163	Cola BBQ Sauce
2164	Cola Cake
2165	Coleslaw
2166	Coleslaw II
2167	Collard Greens (recipe)
2168	Colonial Goose
2169	Confederate Cush
2170	Consommé
2171	Cookies & Milk
2172	Cookies with Pineapple Jam Filling (Nastar)
2173	Coq au Vin II
2174	Coriander Chutney
2175	Corn and Shrimp Chowder
2176	Corn Bread
2177	Corn Bread 2
2178	Corn Bread Fish
2179	Corn Chowder
2180	Corn Chowder 2
2181	Corn Dogs
2182	Corn Muffins
2183	Corn on the Cob with Husks
2184	Corn Pancakes
2185	Corn Soup
2186	Corn Sticks
2187	Cornbread & Chicken Casserole
2188	Cornbread Stuffed Zucchini
2189	Corned Beef
2190	Corned Beef Pie
2191	Cornmeal Pancakes (Arepa)
2192	Cornstarch Slurry
2193	Corny Soufflé
2194	Corom Chatni
2195	Cottage Cheese Eggs
2196	Cottage Cheese Pancakes
2197	Country Fried Chicken
2198	Country Roast Chicken
2199	Country Roast Chicken Seasoning
2200	Crab & Corn Salad
2201	Crab Cakes
2202	Crab Dip
2203	Crab Fried Rice
2204	Crab Meat Canapé
2205	Crab Quesadillas with Mango Salsa
2206	Cranberry Orange Squares
2207	Crawfish Boil
2208	Cream Cheese Mints
2209	Cream Cheese Wontons
2210	Cream Gelatin (Panna Cotta)
2211	Cream of Duck and Mushroom Soup
2212	Cream of Mushroom Soup
2213	Cream Puff
2214	Creamed Spinach
2215	Creamy Aioli Salsa
2216	Creamy Delight Smoothie
2217	Creamy Mascarpone Dessert
2218	Creamy Mustard Vinaigrette
2219	Creme Brulee Cheesecake
2220	Creme de papaya
2221	Crispy Breaded Burgers
2222	Crispy Buffalo Shrimp
2223	Crispy Calamari
2224	Crispy Chicken Burgers
2225	Crispy Fish Sandwich
2226	Crispy Fried Chicken
2227	Crispy Gingerbread Cookies
2228	Crispy Roast Potatoes
2229	Crispy Salmon
2230	Crispy Santa Fe Chicken
2231	Crispy Sweet Potato Fries
2232	Crock Pot Beef Stew
2233	Crock Pot Potato Soup
2234	Crotopo soup
2235	Crystallised peel
2236	Crème Anglaise
2237	Crème Brûlée
2238	Crème Brûlée 2
2239	Crème Chantilly
2240	Crème Pâtissière
2241	Crème Saint-Honoré
2242	Crêpe
2243	Cuban Picadillo
2244	Cuban Sandwich
2245	Cucumber & Tomato Salad
2246	Cucumber and Buttermilk Soup
2247	Cucumber and Radish Salad
2248	Cucumber Bits in Yogurt
2249	Cucumber Sprout Sandwich
2250	Cucumber, Tomato, and Onion Salad
2251	Cullen Skink
2252	Cupcakes
2253	Curried Chiles (Mirchi ka Salan)
2254	Curried Rice
2255	Curry & Honey Chicken
2256	Curry Chicken
2257	Curry Chicken II
2258	Curry Fried Rice
2259	Custard Pie
2260	Dabeli
2261	Dad's Favorite Grilled Ribeye
2262	Dahi Baingana
2263	Daigakuimo
2264	Dal Makhani
2265	Damper
2266	Dashi
2267	Date Bar
2268	Date Nut Bar
2269	Date Squares
2270	Deep Dish Pizza
2271	Deep Fried Chickpea Dough Balls (Chyueeam)
2272	Deep Fried Chickpea Dough Curry Snacks (Pakoda)
2273	Deep Fried Chickpea Dough with Lemon (Panissa)
2274	Deep Fried Chiles Filled with Chickpea Flour (Mirchi Bhajji)
2275	Deep Fried Chiles Stuffed with Potato (Mirchi Bada)
2276	Deep Fried Lentil Dough Balls (Punugu)
2277	Deep Fried Mars Bar
2278	Deep Fried Pretzels
2279	Deep Fried Turkey
2280	Deep Fried Wheat and Chickpea Flour Dough Balls (Muthiya)
2281	Dek ngoo
2282	Deli Roll Bread
2283	Delicious Pumpkin Pie
2284	Deluxe Burgers
2285	Denver Crunch
2286	Desert Rubbed Strip Steaks
2287	Deviled Eggs
2288	Dhokla
2289	Diana's Candied Sweet Potatoes
2290	Dill Cucumber Salad
2291	Dirt Pudding
2292	Dirty rice
2293	Dog Biscuits
2294	Dosa
2295	Double Chocolate Brownies
2296	Double Chocolate Cheesecake
2297	Doubles
2298	Doughnuts
2299	Doughnuts (Paczki)
2300	Dovga
2301	Dr. Kitchener's Pudding
2302	Drawn Butter
2303	Drover's Damper
2304	Drunken Shrimp
2305	Dry Rub
2306	Dry Rub Barbecue Ribs
2307	Dry Rub Grilled Ribeye
2308	Dry-Aged Prime Rib
2309	Dublin Lamb Stew
2310	Duck Confit
2311	Duck Fried Rice
2312	Duck à l'Orange
2313	Dum ka Qimah
2314	Duonos Gira
2315	Durian Pancake
2316	Dutch Oven Beans
2317	Dynamite Shrimp
2318	East Frisian Tea
